John Dow, 45, john@email.com
Jane Dow, 40, john@email.com
John Dow2, 41, john@email.com
John Dow3, 42, john@email.com
John Dow4, 43, john@email.com
John Dow5, 44, john@email.com
John Dow6, 45, john@email.com
John Dow7, 46, john@email.com
John Dow8, 47, john@email.com
John Dow9, 48, john@email.com
John1 Dow, 49, john@email.com
John3 Dow, 50, john@email.com
John4 Dow, 35, john@email.com
John5 Dow, 25, john@email.com
John6 Dow, 15, john@email.com
John7 Dow, 55, john@email.com
John8 Dow, 65, john@email.com
John9 Dow, 75, john@email.com
John0 Dow, 85, john@email.com
John Dow0, 45, john@email.com